{"cameraMode":{"drawMode":0,"name":"Shaded","section":"Shading Mode"},"sceneLighting":false,"audioPlay":false,"sceneViewState":{"showFog":true,"showMaterialUpdate":false,"showSkybox":false,"showFlares":true,"showImageEffects":true,"showParticleSystems":true},"in2DMode":false,"pivot":{"x":-0.38436248898506167,"y":0.6437222361564636,"z":4.358710289001465},"rotation":{"x":-0.18510618805885316,"y":0.12842373549938203,"z":-0.02440636418759823,"w":-0.9739894270896912},"size":0.8660253882408142,"orthographic":false}